Channel_SN,Channel_RxFreq,Channel_TxFreq,Channel_RxQt,Channel_TxQt,Channel_Power,Channel_Band,Channel_MuteMode,Channel_Scream,Channel_ScanAdd,Channel_Compand,Channel_AM,Channel_FAV,Channel_SendLoc,Channel_CallCodeSn,Channel_Name
1,438.50000,438.50000,OFF,D156N,High,Wide,QT,OFF,ON,OFF,OFF,ON,OFF,99,
2,443.87500,448.87500,OFF,110.9,High,Wide,QT,OFF,ON,OFF,OFF,ON,OFF,99,443.875 GVN
3,442.17500,447.17500,OFF,110.9,High,Wide,QT,OFF,ON,OFF,OFF,OFF,OFF,99,442.175 SLK
4,444.70000,449.70000,OFF,110.9,High,Wide,QT,OFF,ON,OFF,OFF,OFF,OFF,99,444.7 KEL
5,145.40000,144.80000,OFF,110.9,High,Wide,QT,OFF,ON,OFF,OFF,OFF,OFF,99,145.4 GVN
6,146.52000,146.52000,OFF,110.9,High,Wide,QT,OFF,ON,OFF,OFF,OFF,ON,99,52 Simplex
7,52.52500,52.52500,OFF,110.9,Low,Wide,QT,OFF,ON,OFF,OFF,OFF,ON,99,52.525 SIM
8,223.50000,223.50000,OFF,110.9,High,Wide,QT,OFF,ON,OFF,OFF,OFF,ON,99,223.5 SIM
9,446.00000,446.00000,156.7,156.7,High,Wide,QT,OFF,ON,OFF,OFF,OFF,ON,99,446.0 SIM
10,145.52000,145.52000,OFF,110.9,High,Wide,QT,OFF,ON,OFF,OFF,OFF,ON,99,52 Simplex 
11,147.52000,147.52000,OFF,110.9,High,Wide,QT,OFF,ON,OFF,OFF,OFF,ON,99,52 Simplex
12,145.54000,145.55000,OFF,110.9,High,Wide,QT,OFF,ON,OFF,OFF,OFF,ON,99,52 Simplex
13,146.54000,146.55000,OFF,110.9,High,Wide,QT,OFF,ON,OFF,OFF,OFF,ON,99,52 Simplex
14,147.54000,147.55000,OFF,110.9,High,Wide,QT,OFF,ON,OFF,OFF,OFF,ON,99,52 Simplex
15,145.56000,145.56000,OFF,110.9,High,Wide,QT,OFF,ON,OFF,OFF,OFF,ON,99,52 Simplex
16,146.56000,146.56000,OFF,110.9,High,Wide,QT,OFF,ON,OFF,OFF,OFF,ON,99,52 Simplex
17,146.58000,146.58000,OFF,110.9,High,Wide,QT,OFF,ON,OFF,OFF,OFF,ON,99,52 Simplex
18,147.58000,147.59000,OFF,110.9,High,Wide,QT,OFF,ON,OFF,OFF,OFF,ON,99,52 Simplex
19,147.55500,146.55500,OFF,110.9,High,Wide,QT,OFF,ON,OFF,OFF,OFF,ON,99,52 Simplex
20,145.11000,144.51000,OFF,110.9,High,Wide,QT,OFF,ON,OFF,OFF,OFF,OFF,1,145.11
21,145.13000,144.53000,OFF,110.9,High,Wide,QT,OFF,ON,OFF,OFF,OFF,OFF,1,145.13
22,145.15000,144.55000,OFF,110.9,High,Wide,QT,OFF,ON,OFF,OFF,OFF,OFF,1,145.15
23,145.17000,144.57000,OFF,110.9,High,Wide,QT,OFF,ON,OFF,OFF,OFF,OFF,1,145.17
24,145.19000,144.59000,OFF,110.9,High,Wide,QT,OFF,ON,OFF,OFF,OFF,OFF,1,145.19
25,145.21000,144.61000,OFF,110.9,High,Wide,QT,OFF,ON,OFF,OFF,OFF,OFF,1,145.21
26,145.23000,144.63000,OFF,110.9,High,Wide,QT,OFF,ON,OFF,OFF,OFF,OFF,1,145.23
27,145.25000,144.65000,OFF,110.9,High,Wide,QT,OFF,ON,OFF,OFF,OFF,OFF,1,145.25
28,145.27000,144.67000,OFF,110.9,High,Wide,QT,OFF,ON,OFF,OFF,OFF,OFF,1,145.27
29,145.29000,144.69000,OFF,110.9,High,Wide,QT,OFF,ON,OFF,OFF,OFF,OFF,1,145.29
30,145.31000,144.71000,OFF,110.9,High,Wide,QT,OFF,ON,OFF,OFF,OFF,OFF,1,145.31
31,145.33000,144.73000,OFF,110.9,High,Wide,QT,OFF,ON,OFF,OFF,OFF,OFF,1,145.33
32,145.35000,144.75000,OFF,110.9,High,Wide,QT,OFF,ON,OFF,OFF,OFF,OFF,1,145.35
33,145.37000,144.77000,OFF,110.9,High,Wide,QT,OFF,ON,OFF,OFF,OFF,OFF,1,145.37
34,145.39000,144.79000,OFF,110.9,High,Wide,QT,OFF,ON,OFF,OFF,OFF,OFF,1,145.39
35,146.60000,146.00000,OFF,110.9,High,Wide,QT,OFF,ON,OFF,OFF,OFF,OFF,1,146.60
36,146.62000,146.02000,OFF,110.9,High,Wide,QT,OFF,ON,OFF,OFF,OFF,OFF,1,146.62
37,146.64000,146.04000,OFF,110.9,High,Wide,QT,OFF,ON,OFF,OFF,OFF,OFF,1,146.64
38,146.66000,146.06000,OFF,110.9,High,Wide,QT,OFF,ON,OFF,OFF,OFF,OFF,1,146.66
39,146.68000,146.08000,OFF,110.9,High,Wide,QT,OFF,ON,OFF,OFF,OFF,OFF,1,146.68
40,146.70000,146.10000,OFF,110.9,High,Wide,QT,OFF,ON,OFF,OFF,OFF,OFF,1,146.70
41,146.72000,146.12000,OFF,110.9,High,Wide,QT,OFF,ON,OFF,OFF,OFF,OFF,1,146.72
42,146.74000,146.14000,OFF,110.9,High,Wide,QT,OFF,ON,OFF,OFF,OFF,OFF,1,146.74
43,146.76000,146.16000,OFF,110.9,High,Wide,QT,OFF,ON,OFF,OFF,OFF,OFF,1,146.76
44,146.78000,146.18000,OFF,110.9,High,Wide,QT,OFF,ON,OFF,OFF,OFF,OFF,1,146.78
45,146.80000,146.20000,OFF,110.9,High,Wide,QT,OFF,ON,OFF,OFF,OFF,OFF,1,146.80
46,146.82000,146.22000,OFF,110.9,High,Wide,QT,OFF,ON,OFF,OFF,OFF,OFF,1,146.82
47,146.84000,146.24000,OFF,110.9,High,Wide,QT,OFF,ON,OFF,OFF,OFF,OFF,1,146.84
48,146.86000,146.26000,OFF,110.9,High,Wide,QT,OFF,ON,OFF,OFF,OFF,OFF,1,146.86
49,146.88000,146.28000,OFF,110.9,High,Wide,QT,OFF,ON,OFF,OFF,OFF,OFF,1,146.88
50,146.90000,146.30000,OFF,110.9,High,Wide,QT,OFF,ON,OFF,OFF,OFF,OFF,1,146.90
51,146.92000,146.32000,OFF,110.9,High,Wide,QT,OFF,ON,OFF,OFF,OFF,OFF,1,146.92
52,146.94000,146.34000,OFF,110.9,High,Wide,QT,OFF,ON,OFF,OFF,OFF,OFF,1,146.94
53,146.96000,146.36000,OFF,110.9,High,Wide,QT,OFF,ON,OFF,OFF,OFF,OFF,1,146.96
54,146.98000,146.38000,OFF,110.9,High,Wide,QT,OFF,ON,OFF,OFF,OFF,OFF,1,146.98
55,147.00000,146.40000,OFF,110.9,High,Wide,QT,OFF,ON,OFF,OFF,OFF,OFF,1,147.00-
56,147.02000,147.62000,OFF,110.9,High,Wide,QT,OFF,ON,OFF,OFF,OFF,OFF,1,147.02
57,147.04000,147.64000,OFF,110.9,High,Wide,QT,OFF,ON,OFF,OFF,OFF,OFF,1,147.04
58,147.06000,147.66000,OFF,110.9,High,Wide,QT,OFF,ON,OFF,OFF,OFF,OFF,1,147.06
59,147.08000,147.68000,OFF,110.9,High,Wide,QT,OFF,ON,OFF,OFF,OFF,OFF,1,147.08
60,147.10000,147.70000,OFF,110.9,High,Wide,QT,OFF,ON,OFF,OFF,OFF,OFF,1,147.10
61,147.12000,147.72000,OFF,110.9,High,Wide,QT,OFF,ON,OFF,OFF,OFF,OFF,1,147.12
62,147.14000,147.74000,OFF,110.9,High,Wide,QT,OFF,ON,OFF,OFF,OFF,OFF,1,147.14
63,147.16000,147.76000,OFF,110.9,High,Wide,QT,OFF,ON,OFF,OFF,OFF,OFF,1,147.16
64,147.18000,147.78000,OFF,110.9,High,Wide,QT,OFF,ON,OFF,OFF,OFF,OFF,1,147.18
65,147.20000,147.80000,OFF,110.9,High,Wide,QT,OFF,ON,OFF,OFF,OFF,OFF,1,147.20
66,147.22000,147.82000,OFF,110.9,High,Wide,QT,OFF,ON,OFF,OFF,OFF,OFF,1,147.22
67,147.24000,147.84000,OFF,110.9,High,Wide,QT,OFF,ON,OFF,OFF,OFF,OFF,1,147.24
68,147.26000,147.86000,OFF,110.9,High,Wide,QT,OFF,ON,OFF,OFF,OFF,OFF,1,147.26
69,147.28000,147.88000,OFF,110.9,High,Wide,QT,OFF,ON,OFF,OFF,OFF,OFF,1,147.28
70,147.30000,147.90000,OFF,110.9,High,Wide,QT,OFF,ON,OFF,OFF,OFF,OFF,1,147.30
71,147.32000,147.92000,OFF,110.9,High,Wide,QT,OFF,ON,OFF,OFF,OFF,OFF,1,147.32
72,147.34000,147.94000,OFF,110.9,High,Wide,QT,OFF,ON,OFF,OFF,OFF,OFF,1,147.34
73,147.36000,147.96000,OFF,110.9,High,Wide,QT,OFF,ON,OFF,OFF,OFF,OFF,1,147.36
74,147.38000,147.98000,OFF,110.9,High,Wide,QT,OFF,ON,OFF,OFF,OFF,OFF,1,147.38
75,147.36000,147.96000,OFF,110.9,High,Wide,QT,OFF,ON,OFF,OFF,OFF,OFF,1,147.36
76,147.38000,147.98000,OFF,110.9,High,Wide,QT,OFF,ON,OFF,OFF,OFF,OFF,1,147.38
77,,,,,,,,,,,,,,,
78,,,,,,,,,,,,,,,
79,,,,,,,,,,,,,,,
80,51.50000,50.50000,OFF,110.9,High,Wide,QT,OFF,ON,OFF,OFF,OFF,OFF,4,6m 51.50
81,51.52000,50.52000,OFF,110.9,High,Wide,QT,OFF,ON,OFF,OFF,OFF,OFF,4,6m 51.52
82,51.54000,50.54000,OFF,110.9,High,Wide,QT,OFF,ON,OFF,OFF,OFF,OFF,4,6m 51.54 
83,51.56000,50.56000,OFF,110.9,High,Wide,QT,OFF,ON,OFF,OFF,OFF,OFF,4,6m 51.56
84,51.58000,50.58000,OFF,110.9,High,Wide,QT,OFF,ON,OFF,OFF,OFF,OFF,4,6m 51.58
85,51.60000,50.60000,OFF,110.9,High,Wide,QT,OFF,ON,OFF,OFF,OFF,OFF,4,6m 51.60
86,52.49000,51.49000,OFF,110.9,High,Wide,QT,OFF,ON,OFF,OFF,OFF,OFF,4,6m 52.49
87,52.51000,51.51000,OFF,110.9,High,Wide,QT,OFF,ON,OFF,OFF,OFF,OFF,4,6m 52.51
88,52.54000,51.54000,OFF,110.9,High,Wide,QT,OFF,ON,OFF,OFF,OFF,OFF,4,6m 52.54
89,52.55000,51.55000,OFF,110.9,High,Wide,QT,OFF,ON,OFF,OFF,OFF,OFF,4,6m 52.55
90,52.57000,51.57000,OFF,110.9,High,Wide,QT,OFF,ON,OFF,OFF,OFF,OFF,4,6m 52.57
91,52.59000,51.59000,OFF,110.9,High,Wide,QT,OFF,ON,OFF,OFF,OFF,OFF,4,6m 52.59-EBQ
92,53.13000,52.13000,OFF,103.5,High,Wide,QT,OFF,ON,OFF,OFF,OFF,OFF,4,6m 53.13
93,53.15000,52.15000,OFF,110.9,High,Wide,QT,OFF,ON,OFF,OFF,OFF,OFF,4,6m 53.15
94,53.23000,52.23000,OFF,162.2,High,Wide,QT,OFF,ON,OFF,OFF,OFF,OFF,4,6m 53.23
95,,,,,,,,,,,,,,,
96,,,,,,,,,,,,,,,
97,,,,,,,,,,,,,,,
98,,,,,,,,,,,,,,,
99,,,,,,,,,,,,,,,
100,423.97500,428.97500,OFF,110.9,High,Wide,QT,OFF,ON,OFF,OFF,OFF,OFF,2,423.975 
101,440.45000,445.45000,OFF,110.9,High,Wide,QT,OFF,ON,OFF,OFF,OFF,OFF,2,440.450 
102,440.50000,445.50000,OFF,110.9,High,Wide,QT,OFF,ON,OFF,OFF,OFF,OFF,2,440.5000
103,440.53750,445.53750,OFF,110.9,High,Wide,QT,OFF,ON,OFF,OFF,OFF,OFF,2,440.5375 
104,440.57500,445.57500,OFF,110.9,High,Wide,QT,OFF,ON,OFF,OFF,OFF,OFF,2,440.5750 
105,440.63750,445.63750,OFF,110.9,High,Wide,QT,OFF,ON,OFF,OFF,OFF,OFF,2,440.6375 
106,441.32500,446.32500,OFF,110.9,High,Wide,QT,OFF,ON,OFF,OFF,OFF,OFF,2,441.3250 
107,441.33750,446.33750,OFF,110.9,High,Wide,QT,OFF,ON,OFF,OFF,OFF,OFF,2,441.3375 
108,441.35000,446.35000,OFF,110.9,High,Wide,QT,OFF,ON,OFF,OFF,OFF,OFF,2,441.3500 
109,441.37500,446.37500,OFF,110.9,High,Wide,QT,OFF,ON,OFF,OFF,OFF,OFF,2,441.3750 
110,441.55000,446.55000,OFF,110.9,High,Wide,QT,OFF,ON,OFF,OFF,OFF,OFF,2,441.5500
111,441.60000,446.60000,OFF,110.9,High,Wide,QT,OFF,ON,OFF,OFF,OFF,OFF,2,441.6000
112,441.62500,446.62500,OFF,110.9,High,Wide,QT,OFF,ON,OFF,OFF,OFF,OFF,2,441.6250
113,441.67500,446.67500,OFF,110.9,High,Wide,QT,OFF,ON,OFF,OFF,OFF,OFF,2,441.6750
114,441.72500,446.72500,OFF,110.9,High,Wide,QT,OFF,ON,OFF,OFF,OFF,OFF,2,441.7250 
115,441.75000,446.75000,OFF,110.9,High,Wide,QT,OFF,ON,OFF,OFF,OFF,OFF,2,441.7500
116,441.80000,446.80000,OFF,110.9,High,Wide,QT,OFF,ON,OFF,OFF,OFF,OFF,2,441.8000
117,441.85000,446.85000,OFF,110.9,High,Wide,QT,OFF,ON,OFF,OFF,OFF,OFF,2,441.8500
118,441.90000,446.90000,OFF,110.9,High,Wide,QT,OFF,ON,OFF,OFF,OFF,OFF,2,441.9000
119,441.92500,446.92500,OFF,110.9,High,Wide,QT,OFF,ON,OFF,OFF,OFF,OFF,2,441.9250
120,441.95000,446.95000,OFF,110.9,High,Wide,QT,OFF,ON,OFF,OFF,OFF,OFF,2,441.9500
121,441.97500,446.97500,OFF,110.9,High,Wide,QT,OFF,ON,OFF,OFF,OFF,OFF,2,441.9750
122,442.00000,447.00000,OFF,110.9,High,Wide,QT,OFF,ON,OFF,OFF,OFF,OFF,2,442.0000
123,442.02500,447.02500,OFF,110.9,High,Wide,QT,OFF,ON,OFF,OFF,OFF,OFF,2,442.0250
124,442.05000,447.05000,OFF,110.9,High,Wide,QT,OFF,ON,OFF,OFF,OFF,OFF,2,442.0500
125,442.07500,447.07500,OFF,110.9,High,Wide,QT,OFF,ON,OFF,OFF,OFF,OFF,2,442.0750
126,442.10000,447.10000,OFF,110.9,High,Wide,QT,OFF,ON,OFF,OFF,OFF,OFF,2,442.1000
127,442.12500,447.12500,OFF,110.9,High,Wide,QT,OFF,ON,OFF,OFF,OFF,OFF,2,442.1250
128,442.15000,447.15000,OFF,110.9,High,Wide,QT,OFF,ON,OFF,OFF,OFF,OFF,2,442.1500 
129,442.17500,447.17500,OFF,110.9,High,Wide,QT,OFF,ON,OFF,OFF,OFF,OFF,2,442.175 
130,442.20000,447.20000,OFF,110.9,High,Wide,QT,OFF,ON,OFF,OFF,OFF,OFF,2,442.200 
131,442.22500,447.22500,OFF,110.9,High,Wide,QT,OFF,ON,OFF,OFF,OFF,OFF,2,442.225
132,442.25000,447.25000,OFF,110.9,High,Wide,QT,OFF,ON,OFF,OFF,OFF,OFF,2,442.250 
133,442.27500,447.27500,OFF,110.9,High,Wide,QT,OFF,ON,OFF,OFF,OFF,OFF,2,442.275 
134,442.30000,447.30000,OFF,110.9,High,Wide,QT,OFF,ON,OFF,OFF,OFF,OFF,2,442.300
135,442.32500,447.32500,OFF,110.9,High,Wide,QT,OFF,ON,OFF,OFF,OFF,OFF,2,442.325
136,442.50000,447.50000,OFF,110.9,High,Wide,QT,OFF,ON,OFF,OFF,OFF,OFF,2,442.350 
137,442.37500,447.37500,OFF,110.9,High,Wide,QT,OFF,ON,OFF,OFF,OFF,OFF,2,442.375 
138,442.40000,447.40000,OFF,110.9,High,Wide,QT,OFF,ON,OFF,OFF,OFF,OFF,2,442.400 
139,442.42500,447.42500,OFF,110.9,High,Wide,QT,OFF,ON,OFF,OFF,OFF,OFF,2,442.425 
140,442.45000,447.45000,OFF,110.9,High,Wide,QT,OFF,ON,OFF,OFF,OFF,OFF,2,442.450
141,442.47500,447.47500,OFF,110.9,High,Wide,QT,OFF,ON,OFF,OFF,OFF,OFF,2,442.475
142,442.50000,447.50000,OFF,110.9,High,Wide,QT,OFF,ON,OFF,OFF,OFF,OFF,2,442.500
143,442.52500,447.52500,OFF,110.9,High,Wide,QT,OFF,ON,OFF,OFF,OFF,OFF,2,442.525 
144,442.55000,447.55000,OFF,110.9,High,Wide,QT,OFF,ON,OFF,OFF,OFF,OFF,2,442.550
145,442.57500,447.57500,OFF,110.9,High,Wide,QT,OFF,ON,OFF,OFF,OFF,OFF,2,442.575
146,442.60000,447.60000,OFF,110.9,High,Wide,QT,OFF,ON,OFF,OFF,OFF,OFF,2,442.600
147,442.62500,447.62500,OFF,110.9,High,Wide,QT,OFF,ON,OFF,OFF,OFF,OFF,2,442.625 
148,442.65000,447.65000,OFF,110.9,High,Wide,QT,OFF,ON,OFF,OFF,OFF,OFF,2,442.650
149,442.67500,447.67500,OFF,110.9,High,Wide,QT,OFF,ON,OFF,OFF,OFF,OFF,2,442.675
150,442.70000,447.70000,OFF,110.9,High,Wide,QT,OFF,ON,OFF,OFF,OFF,OFF,2,442.700
151,442.72500,447.72500,OFF,110.9,High,Wide,QT,OFF,ON,OFF,OFF,OFF,OFF,2,442.725
152,442.75000,447.75000,OFF,110.9,High,Wide,QT,OFF,ON,OFF,OFF,OFF,OFF,2,442.750 
153,442.77500,447.77500,OFF,110.9,High,Wide,QT,OFF,ON,OFF,OFF,OFF,OFF,2,442.775 
154,442.80000,447.80000,OFF,110.9,High,Wide,QT,OFF,ON,OFF,OFF,OFF,OFF,2,442.800
155,442.82500,447.82500,OFF,110.9,High,Wide,QT,OFF,ON,OFF,OFF,OFF,OFF,2,442.825
156,442.85000,447.85000,OFF,110.9,High,Wide,QT,OFF,ON,OFF,OFF,OFF,OFF,2,442.850
157,442.87500,447.87500,OFF,110.9,High,Wide,QT,OFF,ON,OFF,OFF,OFF,OFF,2,442.875
158,442.90000,447.90000,OFF,110.9,High,Wide,QT,OFF,ON,OFF,OFF,OFF,OFF,2,442.900
159,442.92500,447.92500,OFF,110.9,High,Wide,QT,OFF,ON,OFF,OFF,OFF,OFF,2,442.925 
160,442.95000,447.95000,OFF,110.9,High,Wide,QT,OFF,ON,OFF,OFF,OFF,OFF,2,442.950 
161,442.97500,447.97500,OFF,110.9,High,Wide,QT,OFF,ON,OFF,OFF,OFF,OFF,2,442.975 
162,443.00000,448.00000,OFF,110.9,High,Wide,QT,OFF,ON,OFF,OFF,OFF,OFF,2,443.000 
163,443.05000,448.05000,OFF,110.9,High,Wide,QT,OFF,ON,OFF,OFF,OFF,OFF,2,443.050 
164,443.15000,448.15000,OFF,110.9,High,Wide,QT,OFF,ON,OFF,OFF,OFF,OFF,2,443.150 
165,443.17500,448.17500,OFF,110.9,High,Wide,QT,OFF,ON,OFF,OFF,OFF,OFF,2,443.175 
166,443.30000,448.30000,OFF,110.9,High,Wide,QT,OFF,ON,OFF,OFF,OFF,OFF,2,443.300 
167,443.32500,448.32500,OFF,110.9,High,Wide,QT,OFF,ON,OFF,OFF,OFF,OFF,2,443.325 
168,443.35000,448.35000,OFF,110.9,High,Wide,QT,OFF,ON,OFF,OFF,OFF,OFF,2,443.350 
169,443.40000,448.40000,OFF,110.9,High,Wide,QT,OFF,ON,OFF,OFF,OFF,OFF,2,443.400 
170,443.42500,448.42500,OFF,110.9,High,Wide,QT,OFF,ON,OFF,OFF,OFF,OFF,2,443.425 
171,443.45000,448.45000,OFF,110.9,High,Wide,QT,OFF,ON,OFF,OFF,OFF,OFF,2,443.450 
172,443.47500,448.47500,OFF,110.9,High,Wide,QT,OFF,ON,OFF,OFF,OFF,OFF,2,443.475 
173,443.50000,448.50000,OFF,110.9,High,Wide,QT,OFF,ON,OFF,OFF,OFF,OFF,2,443.500 
174,443.55000,448.55000,OFF,110.9,High,Wide,QT,OFF,ON,OFF,OFF,OFF,OFF,2,443.550 
175,443.57500,448.57500,OFF,110.9,High,Wide,QT,OFF,ON,OFF,OFF,OFF,OFF,2,443.575 
176,443.60000,448.60000,OFF,110.9,High,Wide,QT,OFF,ON,OFF,OFF,OFF,OFF,2,443.600 
177,443.62500,448.62500,OFF,110.9,High,Wide,QT,OFF,ON,OFF,OFF,OFF,OFF,2,443.652 
178,443.65000,448.65000,OFF,110.9,High,Wide,QT,OFF,ON,OFF,OFF,OFF,OFF,2,443.650 
179,443.67500,448.67500,OFF,110.9,High,Wide,QT,OFF,ON,OFF,OFF,OFF,OFF,2,443.675 
180,443.70000,448.70000,OFF,110.9,High,Wide,QT,OFF,ON,OFF,OFF,OFF,OFF,2,443.700 
181,443.82500,448.82500,OFF,110.9,High,Wide,QT,OFF,ON,OFF,OFF,OFF,OFF,2,443.825 
182,443.85000,448.85000,OFF,110.9,High,Wide,QT,OFF,ON,OFF,OFF,OFF,OFF,2,443.850 
183,443.87500,448.87500,OFF,110.9,High,Wide,QT,OFF,ON,OFF,OFF,OFF,OFF,2,443.875 
184,443.92500,448.92500,OFF,110.9,High,Wide,QT,OFF,ON,OFF,OFF,OFF,OFF,2,443.925 
185,443.95000,448.95000,OFF,110.9,High,Wide,QT,OFF,ON,OFF,OFF,OFF,OFF,2,443.950 
186,443.97500,448.97500,OFF,110.9,High,Wide,QT,OFF,ON,OFF,OFF,OFF,OFF,2,443.975 
187,444.02500,449.02500,OFF,110.9,High,Wide,QT,OFF,ON,OFF,OFF,OFF,OFF,2,444.025 
188,444.05000,449.05000,OFF,110.9,High,Wide,QT,OFF,ON,OFF,OFF,OFF,OFF,2,444.050 
189,444.07500,449.07500,OFF,110.9,High,Wide,QT,OFF,ON,OFF,OFF,OFF,OFF,2,444.075 
190,444.10000,449.10000,OFF,110.9,High,Wide,QT,OFF,ON,OFF,OFF,OFF,OFF,2,444.100
191,444.15000,449.15000,OFF,110.9,High,Wide,QT,OFF,ON,OFF,OFF,OFF,OFF,2,444.150
192,444.17500,449.17500,OFF,110.9,High,Wide,QT,OFF,ON,OFF,OFF,OFF,OFF,2,444.175
193,444.20000,449.20000,OFF,110.9,High,Wide,QT,OFF,ON,OFF,OFF,OFF,OFF,2,444.200
194,444.22500,449.22500,OFF,110.9,High,Wide,QT,OFF,ON,OFF,OFF,OFF,OFF,2,444.225 
195,444.30000,449.30000,OFF,110.9,High,Wide,QT,OFF,ON,OFF,OFF,OFF,OFF,2,444.300 
196,444.37500,449.37500,OFF,110.9,High,Wide,QT,OFF,ON,OFF,OFF,OFF,OFF,2,444.375 
197,444.40000,449.40000,OFF,110.9,High,Wide,QT,OFF,ON,OFF,OFF,OFF,OFF,2,444.400
198,444.45000,449.45000,OFF,110.9,High,Wide,QT,OFF,ON,OFF,OFF,OFF,OFF,2,444.450
199,444.57500,449.57500,OFF,110.9,High,Wide,QT,OFF,ON,OFF,OFF,OFF,OFF,2,444.575 
200,444.62500,449.62500,OFF,110.9,High,Wide,QT,OFF,ON,OFF,OFF,OFF,OFF,2,444.625 
201,444.65000,449.65000,OFF,110.9,High,Wide,QT,OFF,ON,OFF,OFF,OFF,OFF,2,444.650 
202,444.67500,449.67500,OFF,110.9,High,Wide,QT,OFF,ON,OFF,OFF,OFF,OFF,2,444.675 
203,444.70000,449.70000,OFF,110.9,High,Wide,QT,OFF,ON,OFF,OFF,OFF,OFF,2,444.700 
204,444.72500,449.72500,OFF,110.9,High,Wide,QT,OFF,ON,OFF,OFF,OFF,OFF,2,444.725 
205,444.80000,449.80000,OFF,110.9,High,Wide,QT,OFF,ON,OFF,OFF,OFF,OFF,2,444.800 
206,444.85000,449.85000,OFF,110.9,High,Wide,QT,OFF,ON,OFF,OFF,OFF,OFF,2,444.850 
207,444.87500,449.87500,OFF,110.9,High,Wide,QT,OFF,ON,OFF,OFF,OFF,OFF,2,444.875 
208,444.90000,449.90000,OFF,110.9,High,Wide,QT,OFF,ON,OFF,OFF,OFF,OFF,2,444.900 
209,,,,,,,,,,,,,,,
210,,,,,,,,,,,,,,,
211,,,,,,,,,,,,,,,
212,,,,,,,,,,,,,,,
213,,,,,,,,,,,,,,,
214,,,,,,,,,,,,,,,
215,,,,,,,,,,,,,,,
216,,,,,,,,,,,,,,,
217,,,,,,,,,,,,,,,
218,,,,,,,,,,,,,,,
219,,,,,,,,,,,,,,,
220,224.54000,222.60000,OFF,110.9,High,Wide,QT,OFF,ON,OFF,OFF,OFF,OFF,3,224.54 GVN
221,224.08000,223.44000,OFF,110.9,High,Wide,QT,OFF,ON,OFF,OFF,OFF,OFF,3,224.08 
222,224.56000,223.46000,OFF,110.9,High,Wide,QT,OFF,ON,OFF,OFF,OFF,OFF,3,224.56 
223,224.40000,223.48000,OFF,110.9,High,Wide,QT,OFF,ON,OFF,OFF,OFF,OFF,3,224.40 
224,224.00000,222.40000,OFF,110.9,High,Wide,QT,OFF,ON,OFF,OFF,OFF,OFF,3,224.00 
225,223.90000,222.30000,OFF,110.9,High,Wide,QT,OFF,ON,OFF,OFF,OFF,OFF,3,223.90 
226,224.80000,223.20000,OFF,110.9,High,Wide,QT,OFF,ON,OFF,OFF,OFF,OFF,3,224.80 
227,224.98000,223.38000,OFF,110.9,High,Wide,QT,OFF,ON,OFF,OFF,OFF,OFF,3,224.98 
228,224.92000,223.32000,OFF,110.9,High,Wide,QT,OFF,ON,OFF,OFF,OFF,OFF,3,224.92 
229,223.70000,222.10000,OFF,110.9,High,Wide,QT,OFF,ON,OFF,OFF,OFF,OFF,3,223.70 
230,224.78000,223.18000,OFF,110.9,High,Wide,QT,OFF,ON,OFF,OFF,OFF,OFF,3,224.78 
231,224.82000,223.22000,OFF,110.9,High,Wide,QT,OFF,ON,OFF,OFF,OFF,OFF,3,224.82 
232,224.94000,223.34000,OFF,110.9,High,Wide,QT,OFF,ON,OFF,OFF,OFF,OFF,3,224.94 
233,224.88000,223.28000,OFF,110.9,High,Wide,QT,OFF,ON,OFF,OFF,OFF,OFF,3,224.88 
234,224.86000,223.26000,OFF,110.9,High,Wide,QT,OFF,ON,OFF,OFF,OFF,OFF,3,224.86 
235,224.42000,222.82000,OFF,110.9,High,Wide,QT,OFF,ON,OFF,OFF,OFF,OFF,3,224.42 
236,224.46000,222.86000,OFF,110.9,High,Wide,QT,OFF,ON,OFF,OFF,OFF,OFF,3,224.46 
237,224.20000,222.60000,OFF,110.9,High,Wide,QT,OFF,ON,OFF,OFF,OFF,OFF,3,224.20 
238,224.24000,222.64000,OFF,110.9,High,Wide,QT,OFF,ON,OFF,OFF,OFF,OFF,3,224.24 
239,224.26000,222.66000,OFF,110.9,High,Wide,QT,OFF,ON,OFF,OFF,OFF,OFF,3,224.26 
240,224.64000,223.04000,OFF,110.9,High,Wide,QT,OFF,ON,OFF,OFF,OFF,OFF,3,224.64 
241,223.75000,222.15000,OFF,110.9,High,Wide,QT,OFF,ON,OFF,OFF,OFF,OFF,3,223.75 
242,224.76000,223.16000,OFF,110.9,High,Wide,QT,OFF,ON,OFF,OFF,OFF,OFF,3,224.76 
243,223.84000,222.24000,OFF,110.9,High,Wide,QT,OFF,ON,OFF,OFF,OFF,OFF,3,223.84 
244,224.34000,222.74000,OFF,110.9,High,Wide,QT,OFF,ON,OFF,OFF,OFF,OFF,3,224.34 
245,224.96000,223.36000,OFF,110.9,High,Wide,QT,OFF,ON,OFF,OFF,OFF,OFF,3,224.96 
246,224.90000,223.30000,OFF,110.9,High,Wide,QT,OFF,ON,OFF,OFF,OFF,OFF,3,224.90 
247,,,,,,,,,,,,,,,
248,,,,,,,,,,,,,,,
249,,,,,,,,,,,,,,,
250,,,,,,,,,,,,,,,
251,,,,,,,,,,,,,,,
252,,,,,,,,,,,,,,,
253,,,,,,,,,,,,,,,
254,,,,,,,,,,,,,,,
255,,,,,,,,,,,,,,,
256,,,,,,,,,,,,,,,
257,,,,,,,,,,,,,,,
258,,,,,,,,,,,,,,,
259,,,,,,,,,,,,,,,
260,,,,,,,,,,,,,,,
261,,,,,,,,,,,,,,,
262,,,,,,,,,,,,,,,
263,,,,,,,,,,,,,,,
264,,,,,,,,,,,,,,,
265,,,,,,,,,,,,,,,
266,,,,,,,,,,,,,,,
267,,,,,,,,,,,,,,,
268,,,,,,,,,,,,,,,
269,,,,,,,,,,,,,,,
270,,,,,,,,,,,,,,,
271,,,,,,,,,,,,,,,
272,,,,,,,,,,,,,,,
273,,,,,,,,,,,,,,,
274,,,,,,,,,,,,,,,
275,,,,,,,,,,,,,,,
276,,,,,,,,,,,,,,,
277,,,,,,,,,,,,,,,
278,,,,,,,,,,,,,,,
279,,,,,,,,,,,,,,,
280,,,,,,,,,,,,,,,
281,,,,,,,,,,,,,,,
282,,,,,,,,,,,,,,,
283,,,,,,,,,,,,,,,
284,,,,,,,,,,,,,,,
285,,,,,,,,,,,,,,,
286,,,,,,,,,,,,,,,
287,,,,,,,,,,,,,,,
288,,,,,,,,,,,,,,,
289,,,,,,,,,,,,,,,
290,,,,,,,,,,,,,,,
291,,,,,,,,,,,,,,,
292,,,,,,,,,,,,,,,
293,,,,,,,,,,,,,,,
294,,,,,,,,,,,,,,,
295,,,,,,,,,,,,,,,
296,,,,,,,,,,,,,,,
297,,,,,,,,,,,,,,,
298,,,,,,,,,,,,,,,
299,,,,,,,,,,,,,,,
300,151.62500,151.62500,OFF,OFF,High,Wide,QT,OFF,ON,OFF,OFF,OFF,OFF,10,RDX 151.6250
301,151.51250,151.51250,OFF,OFF,High,Wide,QT,OFF,ON,OFF,OFF,OFF,OFF,10,RDX 151.5125
302,151.65500,151.65500,OFF,OFF,High,Wide,QT,OFF,ON,OFF,OFF,OFF,OFF,3,RDX 151.6550
303,151.68500,151.68500,OFF,OFF,High,Wide,QT,OFF,ON,OFF,OFF,OFF,OFF,3,RDX 151.6850
304,151.70000,151.70000,OFF,OFF,High,Wide,QT,OFF,ON,OFF,OFF,OFF,OFF,3,RDX 151.7000
305,151.71500,151.71500,OFF,OFF,High,Wide,QT,OFF,ON,OFF,OFF,OFF,OFF,3,RDX 151.7150
306,151.74500,151.74500,OFF,OFF,High,Wide,QT,OFF,ON,OFF,OFF,OFF,OFF,3,RDX 151.7450
307,151.76000,151.76000,OFF,OFF,High,Wide,QT,OFF,ON,OFF,OFF,OFF,OFF,3,RDX 151.7600
308,151.77500,151.77500,OFF,OFF,High,Wide,QT,OFF,ON,OFF,OFF,OFF,OFF,3,RDX 151.7750
309,151.82000,151.82000,OFF,OFF,High,Wide,QT,OFF,ON,OFF,OFF,OFF,OFF,3,RDX 151.8200
310,151.86500,151.86500,OFF,OFF,High,Wide,QT,OFF,ON,OFF,OFF,OFF,OFF,3,RDX 151.8650
311,151.88000,151.88000,OFF,OFF,High,Wide,QT,OFF,ON,OFF,OFF,OFF,OFF,3,RDX 151.8800
312,151.89500,151.89500,OFF,OFF,High,Wide,QT,OFF,ON,OFF,OFF,OFF,OFF,3,RDX 151.9250


313,151.92500,151.92500,OFF,OFF,High,Wide,QT,OFF,ON,OFF,OFF,OFF,OFF,3,RDX 151.9400
314,151.94000,151.94000,OFF,OFF,High,Wide,QT,OFF,ON,OFF,OFF,OFF,OFF,3,RDX 151.9550
315,151.95500,151.95500,OFF,OFF,High,Wide,QT,OFF,ON,OFF,OFF,OFF,OFF,3,RDX 151.9950
316,151.99500,151.99500,OFF,OFF,High,Wide,QT,OFF,ON,OFF,OFF,OFF,OFF,3,RDX 151.9000
317,152.90000,400.00000,OFF,OFF,High,Wide,QT,OFF,ON,OFF,OFF,OFF,OFF,3,RDX 152.9000
318,154.49000,154.49000,OFF,OFF,High,Wide,QT,OFF,ON,OFF,OFF,OFF,OFF,3,RDX 154.4900
319,154.51500,154.51500,OFF,OFF,High,Wide,QT,OFF,ON,OFF,OFF,OFF,OFF,3,RDX 154.5150
320,154.52750,154.52750,OFF,OFF,High,Wide,QT,OFF,ON,OFF,OFF,OFF,OFF,3,RDX 154.5275
321,154.54000,154.54000,OFF,OFF,High,Wide,QT,OFF,ON,OFF,OFF,OFF,OFF,3,RDX 154.5400
322,154.54750,154.54750,OFF,OFF,High,Wide,QT,OFF,ON,OFF,OFF,OFF,OFF,3,RDX 154.5475
323,154.57000,154.57000,OFF,OFF,High,Wide,QT,OFF,ON,OFF,OFF,OFF,OFF,3,RDX 154.5700
324,154.60000,154.60000,OFF,OFF,High,Wide,QT,OFF,ON,OFF,OFF,OFF,OFF,3,RDX 154.6000
325,464.50000,464.50000,OFF,OFF,High,Wide,QT,OFF,ON,OFF,OFF,OFF,OFF,3,RDX 464.5000
326,464.55000,464.55000,OFF,OFF,High,Wide,QT,OFF,ON,OFF,OFF,OFF,OFF,3,RDX 464.5500
327,461.03750,461.03750,OFF,OFF,High,Wide,QT,OFF,ON,OFF,OFF,OFF,OFF,3,RDX 461.0375
328,461.06250,461.06250,OFF,OFF,High,Wide,QT,OFF,ON,OFF,OFF,OFF,OFF,3,RDX 461.0625
329,464.55000,464.55000,OFF,OFF,High,Wide,QT,OFF,ON,OFF,OFF,OFF,OFF,3,RDX 464.5000
330,461.08750,461.08750,OFF,OFF,High,Wide,QT,OFF,ON,OFF,OFF,OFF,OFF,3,RDX 461.0875
331,461.36250,461.36250,OFF,OFF,High,Wide,QT,OFF,ON,OFF,OFF,OFF,OFF,3,RDX 461.3675
332,461.11250,461.11250,OFF,OFF,High,Wide,QT,OFF,ON,OFF,OFF,OFF,OFF,3,RDX 462.1125
333,462.48750,462.48750,OFF,OFF,High,Wide,QT,OFF,ON,OFF,OFF,OFF,OFF,3,RDX 462.4875
334,461.13750,461.13750,OFF,OFF,High,Wide,QT,OFF,ON,OFF,OFF,OFF,OFF,3,RDX 461.1375
335,462.53750,462.53750,OFF,OFF,High,Wide,QT,OFF,ON,OFF,OFF,OFF,OFF,3,RDX 462.5375
336,461.16250,461.16250,OFF,OFF,High,Wide,QT,OFF,ON,OFF,OFF,OFF,OFF,3,RDX 461.1625
337,462.03750,462.03750,OFF,OFF,High,Wide,QT,OFF,ON,OFF,OFF,OFF,OFF,3,RDX 462.0375
338,461.18750,461.18750,OFF,OFF,High,Wide,QT,OFF,ON,OFF,OFF,OFF,OFF,3,RDX 461.1875
339,464.08750,464.08750,OFF,OFF,High,Wide,QT,OFF,ON,OFF,OFF,OFF,OFF,3,RDX 464.0875
340,461.16250,461.16250,OFF,OFF,High,Wide,QT,OFF,ON,OFF,OFF,OFF,OFF,3,RDX 461.1625
341,464.13750,464.13750,OFF,OFF,High,Wide,QT,OFF,ON,OFF,OFF,OFF,OFF,3,RDX 464.1325
342,461.23750,461.23750,OFF,OFF,High,Wide,QT,OFF,ON,OFF,OFF,OFF,OFF,3,RDX 461.1375
343,461.26250,461.26250,OFF,OFF,High,Wide,QT,OFF,ON,OFF,OFF,OFF,OFF,3,RDX 461.2625
344,461.28750,461.28750,OFF,OFF,High,Wide,QT,OFF,ON,OFF,OFF,OFF,OFF,3,RDX 461.2875
345,461.31250,461.31250,OFF,OFF,High,Wide,QT,OFF,ON,OFF,OFF,OFF,OFF,3,RDX 461.3125
346,461.33750,461.33750,OFF,OFF,High,Wide,QT,OFF,ON,OFF,OFF,OFF,OFF,3,RDX 461.3375
347,461.36250,461.36250,OFF,OFF,High,Wide,QT,OFF,ON,OFF,OFF,OFF,OFF,3,RDX 461.3625
348,462.76250,462.76250,OFF,OFF,High,Wide,QT,OFF,ON,OFF,OFF,OFF,OFF,3,RDX 462.7625
349,462.78750,462.78750,OFF,OFF,High,Wide,QT,OFF,ON,OFF,OFF,OFF,OFF,3,RDX 462.7875
350,462.81250,462.81250,OFF,OFF,High,Wide,QT,OFF,ON,OFF,OFF,OFF,OFF,3,RDX 462.8125
351,462.83750,462.83750,OFF,OFF,High,Wide,QT,OFF,ON,OFF,OFF,OFF,OFF,3,RDX 462.8375
352,462.86250,462.86250,OFF,OFF,High,Wide,QT,OFF,ON,OFF,OFF,OFF,OFF,3,RDX 462.8625
353,462.88750,462.88750,OFF,OFF,High,Wide,QT,OFF,ON,OFF,OFF,OFF,OFF,3,RDX 462.8875
354,462.91250,462.91250,OFF,OFF,High,Wide,QT,OFF,ON,OFF,OFF,OFF,OFF,3,RDX 462.9125
355,464.48750,464.48750,OFF,OFF,High,Wide,QT,OFF,ON,OFF,OFF,OFF,OFF,3,RDX 464.4875
356,464.51250,464.51250,OFF,OFF,High,Wide,QT,OFF,ON,OFF,OFF,OFF,OFF,3,RDX 464.5125
357,464.53750,464.53750,OFF,OFF,High,Wide,QT,OFF,ON,OFF,OFF,OFF,OFF,3,RDX 461.5375
358,,,,,,,,,,,,,,,
359,,,,,,,,,,,,,,,
360,,,,,,,,,,,,,,,
361,,,,,,,,,,,,,,,
362,,,,,,,,,,,,,,,
363,,,,,,,,,,,,,,,
364,,,,,,,,,,,,,,,
365,,,,,,,,,,,,,,,
366,,,,,,,,,,,,,,,
367,,,,,,,,,,,,,,,
368,,,,,,,,,,,,,,,
369,,,,,,,,,,,,,,,
370,,,,,,,,,,,,,,,
371,,,,,,,,,,,,,,,
372,,,,,,,,,,,,,,,
373,,,,,,,,,,,,,,,
374,,,,,,,,,,,,,,,
375,,,,,,,,,,,,,,,
376,,,,,,,,,,,,,,,
377,,,,,,,,,,,,,,,
378,,,,,,,,,,,,,,,
379,,,,,,,,,,,,,,,
380,,,,,,,,,,,,,,,
381,,,,,,,,,,,,,,,
382,,,,,,,,,,,,,,,
383,,,,,,,,,,,,,,,
384,,,,,,,,,,,,,,,
385,,,,,,,,,,,,,,,
386,,,,,,,,,,,,,,,
387,,,,,,,,,,,,,,,
388,,,,,,,,,,,,,,,
389,,,,,,,,,,,,,,,
390,,,,,,,,,,,,,,,
391,,,,,,,,,,,,,,,
392,,,,,,,,,,,,,,,
393,,,,,,,,,,,,,,,
394,,,,,,,,,,,,,,,
395,,,,,,,,,,,,,,,
396,,,,,,,,,,,,,,,
397,,,,,,,,,,,,,,,
398,,,,,,,,,,,,,,,
399,,,,,,,,,,,,,,,
400,,,,,,,,,,,,,,,
401,,,,,,,,,,,,,,,
402,,,,,,,,,,,,,,,
403,,,,,,,,,,,,,,,
404,,,,,,,,,,,,,,,
405,,,,,,,,,,,,,,,
406,,,,,,,,,,,,,,,
407,,,,,,,,,,,,,,,
408,,,,,,,,,,,,,,,
409,,,,,,,,,,,,,,,
410,,,,,,,,,,,,,,,
411,,,,,,,,,,,,,,,
412,,,,,,,,,,,,,,,
413,,,,,,,,,,,,,,,
414,,,,,,,,,,,,,,,
415,,,,,,,,,,,,,,,
416,,,,,,,,,,,,,,,
417,,,,,,,,,,,,,,,
418,,,,,,,,,,,,,,,
419,,,,,,,,,,,,,,,
420,,,,,,,,,,,,,,,
421,,,,,,,,,,,,,,,
422,,,,,,,,,,,,,,,
423,,,,,,,,,,,,,,,
424,,,,,,,,,,,,,,,
425,,,,,,,,,,,,,,,
426,,,,,,,,,,,,,,,
427,,,,,,,,,,,,,,,
428,,,,,,,,,,,,,,,
429,,,,,,,,,,,,,,,
430,,,,,,,,,,,,,,,
431,,,,,,,,,,,,,,,
432,,,,,,,,,,,,,,,
433,,,,,,,,,,,,,,,
434,,,,,,,,,,,,,,,
435,,,,,,,,,,,,,,,
436,,,,,,,,,,,,,,,
437,,,,,,,,,,,,,,,
438,,,,,,,,,,,,,,,
439,,,,,,,,,,,,,,,
440,,,,,,,,,,,,,,,
441,,,,,,,,,,,,,,,
442,,,,,,,,,,,,,,,
443,,,,,,,,,,,,,,,
444,,,,,,,,,,,,,,,
445,,,,,,,,,,,,,,,
446,,,,,,,,,,,,,,,
447,,,,,,,,,,,,,,,
448,,,,,,,,,,,,,,,
449,,,,,,,,,,,,,,,
450,,,,,,,,,,,,,,,
451,,,,,,,,,,,,,,,
452,,,,,,,,,,,,,,,
453,,,,,,,,,,,,,,,
454,,,,,,,,,,,,,,,
455,,,,,,,,,,,,,,,
456,,,,,,,,,,,,,,,
457,,,,,,,,,,,,,,,
458,,,,,,,,,,,,,,,
459,,,,,,,,,,,,,,,
460,,,,,,,,,,,,,,,
461,,,,,,,,,,,,,,,
462,,,,,,,,,,,,,,,
463,,,,,,,,,,,,,,,
464,,,,,,,,,,,,,,,
465,,,,,,,,,,,,,,,
466,,,,,,,,,,,,,,,
467,,,,,,,,,,,,,,,
468,,,,,,,,,,,,,,,
469,,,,,,,,,,,,,,,
470,,,,,,,,,,,,,,,
471,,,,,,,,,,,,,,,
472,,,,,,,,,,,,,,,
473,,,,,,,,,,,,,,,
474,,,,,,,,,,,,,,,
475,,,,,,,,,,,,,,,
476,,,,,,,,,,,,,,,
477,,,,,,,,,,,,,,,
478,,,,,,,,,,,,,,,
479,,,,,,,,,,,,,,,
480,,,,,,,,,,,,,,,
481,,,,,,,,,,,,,,,
482,,,,,,,,,,,,,,,
483,,,,,,,,,,,,,,,
484,,,,,,,,,,,,,,,
485,,,,,,,,,,,,,,,
486,,,,,,,,,,,,,,,
487,,,,,,,,,,,,,,,
488,,,,,,,,,,,,,,,
489,,,,,,,,,,,,,,,
490,,,,,,,,,,,,,,,
491,,,,,,,,,,,,,,,
492,,,,,,,,,,,,,,,
493,,,,,,,,,,,,,,,
494,,,,,,,,,,,,,,,
495,,,,,,,,,,,,,,,
496,,,,,,,,,,,,,,,
497,,,,,,,,,,,,,,,
498,,,,,,,,,,,,,,,
499,,,,,,,,,,,,,,,
500,,,,,,,,,,,,,,,
501,,,,,,,,,,,,,,,
502,,,,,,,,,,,,,,,
503,,,,,,,,,,,,,,,
504,,,,,,,,,,,,,,,
505,,,,,,,,,,,,,,,
506,,,,,,,,,,,,,,,
507,,,,,,,,,,,,,,,
508,,,,,,,,,,,,,,,
509,,,,,,,,,,,,,,,
510,,,,,,,,,,,,,,,
511,,,,,,,,,,,,,,,
512,,,,,,,,,,,,,,,
513,,,,,,,,,,,,,,,
514,,,,,,,,,,,,,,,
515,,,,,,,,,,,,,,,
516,,,,,,,,,,,,,,,
517,,,,,,,,,,,,,,,
518,,,,,,,,,,,,,,,
519,,,,,,,,,,,,,,,
520,,,,,,,,,,,,,,,
521,,,,,,,,,,,,,,,
522,,,,,,,,,,,,,,,
523,,,,,,,,,,,,,,,
524,,,,,,,,,,,,,,,
525,,,,,,,,,,,,,,,
526,,,,,,,,,,,,,,,
527,,,,,,,,,,,,,,,
528,,,,,,,,,,,,,,,
529,,,,,,,,,,,,,,,
530,,,,,,,,,,,,,,,
531,,,,,,,,,,,,,,,
532,,,,,,,,,,,,,,,
533,,,,,,,,,,,,,,,
534,,,,,,,,,,,,,,,
535,,,,,,,,,,,,,,,
536,,,,,,,,,,,,,,,
537,,,,,,,,,,,,,,,
538,,,,,,,,,,,,,,,
539,,,,,,,,,,,,,,,
540,,,,,,,,,,,,,,,
541,,,,,,,,,,,,,,,
542,,,,,,,,,,,,,,,
543,,,,,,,,,,,,,,,
544,,,,,,,,,,,,,,,
545,,,,,,,,,,,,,,,
546,,,,,,,,,,,,,,,
547,,,,,,,,,,,,,,,
548,,,,,,,,,,,,,,,
549,,,,,,,,,,,,,,,
550,,,,,,,,,,,,,,,
551,,,,,,,,,,,,,,,
552,,,,,,,,,,,,,,,
553,,,,,,,,,,,,,,,
554,,,,,,,,,,,,,,,
555,,,,,,,,,,,,,,,
556,,,,,,,,,,,,,,,
557,,,,,,,,,,,,,,,
558,,,,,,,,,,,,,,,
559,,,,,,,,,,,,,,,
560,,,,,,,,,,,,,,,
561,,,,,,,,,,,,,,,
562,,,,,,,,,,,,,,,
563,,,,,,,,,,,,,,,
564,,,,,,,,,,,,,,,
565,,,,,,,,,,,,,,,
566,,,,,,,,,,,,,,,
567,,,,,,,,,,,,,,,
568,,,,,,,,,,,,,,,
569,,,,,,,,,,,,,,,
570,,,,,,,,,,,,,,,
571,,,,,,,,,,,,,,,
572,,,,,,,,,,,,,,,
573,,,,,,,,,,,,,,,
574,,,,,,,,,,,,,,,
575,,,,,,,,,,,,,,,
576,,,,,,,,,,,,,,,
577,,,,,,,,,,,,,,,
578,,,,,,,,,,,,,,,
579,,,,,,,,,,,,,,,
580,,,,,,,,,,,,,,,
581,,,,,,,,,,,,,,,
582,,,,,,,,,,,,,,,
583,,,,,,,,,,,,,,,
584,,,,,,,,,,,,,,,
585,,,,,,,,,,,,,,,
586,,,,,,,,,,,,,,,
587,,,,,,,,,,,,,,,
588,,,,,,,,,,,,,,,
589,,,,,,,,,,,,,,,
590,,,,,,,,,,,,,,,
591,,,,,,,,,,,,,,,
592,,,,,,,,,,,,,,,
593,,,,,,,,,,,,,,,
594,,,,,,,,,,,,,,,
595,,,,,,,,,,,,,,,
596,,,,,,,,,,,,,,,
597,,,,,,,,,,,,,,,
598,,,,,,,,,,,,,,,
599,,,,,,,,,,,,,,,
600,,,,,,,,,,,,,,,
601,,,,,,,,,,,,,,,
602,,,,,,,,,,,,,,,
603,,,,,,,,,,,,,,,
604,,,,,,,,,,,,,,,
605,,,,,,,,,,,,,,,
606,,,,,,,,,,,,,,,
607,,,,,,,,,,,,,,,
608,,,,,,,,,,,,,,,
609,,,,,,,,,,,,,,,
610,,,,,,,,,,,,,,,
611,,,,,,,,,,,,,,,
612,,,,,,,,,,,,,,,
613,,,,,,,,,,,,,,,
614,,,,,,,,,,,,,,,
615,,,,,,,,,,,,,,,
616,,,,,,,,,,,,,,,
617,,,,,,,,,,,,,,,
618,,,,,,,,,,,,,,,
619,,,,,,,,,,,,,,,
620,,,,,,,,,,,,,,,
621,,,,,,,,,,,,,,,
622,,,,,,,,,,,,,,,
623,,,,,,,,,,,,,,,
624,,,,,,,,,,,,,,,
625,,,,,,,,,,,,,,,
626,,,,,,,,,,,,,,,
627,,,,,,,,,,,,,,,
628,,,,,,,,,,,,,,,
629,,,,,,,,,,,,,,,
630,,,,,,,,,,,,,,,
631,,,,,,,,,,,,,,,
632,,,,,,,,,,,,,,,
633,,,,,,,,,,,,,,,
634,,,,,,,,,,,,,,,
635,,,,,,,,,,,,,,,
636,,,,,,,,,,,,,,,
637,,,,,,,,,,,,,,,
638,,,,,,,,,,,,,,,
639,,,,,,,,,,,,,,,
640,,,,,,,,,,,,,,,
641,,,,,,,,,,,,,,,
642,,,,,,,,,,,,,,,
643,,,,,,,,,,,,,,,
644,,,,,,,,,,,,,,,
645,,,,,,,,,,,,,,,
646,,,,,,,,,,,,,,,
647,,,,,,,,,,,,,,,
648,,,,,,,,,,,,,,,
649,,,,,,,,,,,,,,,
650,,,,,,,,,,,,,,,
651,,,,,,,,,,,,,,,
652,,,,,,,,,,,,,,,
653,,,,,,,,,,,,,,,
654,,,,,,,,,,,,,,,
655,,,,,,,,,,,,,,,
656,,,,,,,,,,,,,,,
657,,,,,,,,,,,,,,,
658,,,,,,,,,,,,,,,
659,,,,,,,,,,,,,,,
660,,,,,,,,,,,,,,,
661,,,,,,,,,,,,,,,
662,,,,,,,,,,,,,,,
663,,,,,,,,,,,,,,,
664,,,,,,,,,,,,,,,
665,,,,,,,,,,,,,,,
666,,,,,,,,,,,,,,,
667,,,,,,,,,,,,,,,
668,,,,,,,,,,,,,,,
669,,,,,,,,,,,,,,,
670,,,,,,,,,,,,,,,
671,,,,,,,,,,,,,,,
672,,,,,,,,,,,,,,,
673,,,,,,,,,,,,,,,
674,,,,,,,,,,,,,,,
675,,,,,,,,,,,,,,,
676,,,,,,,,,,,,,,,
677,,,,,,,,,,,,,,,
678,,,,,,,,,,,,,,,
679,,,,,,,,,,,,,,,
680,,,,,,,,,,,,,,,
681,,,,,,,,,,,,,,,
682,,,,,,,,,,,,,,,
683,,,,,,,,,,,,,,,
684,,,,,,,,,,,,,,,
685,,,,,,,,,,,,,,,
686,,,,,,,,,,,,,,,
687,,,,,,,,,,,,,,,
688,,,,,,,,,,,,,,,
689,,,,,,,,,,,,,,,
690,,,,,,,,,,,,,,,
691,,,,,,,,,,,,,,,
692,,,,,,,,,,,,,,,
693,,,,,,,,,,,,,,,
694,,,,,,,,,,,,,,,
695,,,,,,,,,,,,,,,
696,,,,,,,,,,,,,,,
697,,,,,,,,,,,,,,,
698,,,,,,,,,,,,,,,
699,,,,,,,,,,,,,,,
700,,,,,,,,,,,,,,,
701,,,,,,,,,,,,,,,
702,,,,,,,,,,,,,,,
703,,,,,,,,,,,,,,,
704,,,,,,,,,,,,,,,
705,,,,,,,,,,,,,,,
706,,,,,,,,,,,,,,,
707,,,,,,,,,,,,,,,
708,,,,,,,,,,,,,,,
709,,,,,,,,,,,,,,,
710,,,,,,,,,,,,,,,
711,,,,,,,,,,,,,,,
712,,,,,,,,,,,,,,,
713,,,,,,,,,,,,,,,
714,,,,,,,,,,,,,,,
715,,,,,,,,,,,,,,,
716,,,,,,,,,,,,,,,
717,,,,,,,,,,,,,,,
718,,,,,,,,,,,,,,,
719,,,,,,,,,,,,,,,
720,,,,,,,,,,,,,,,
721,,,,,,,,,,,,,,,
722,,,,,,,,,,,,,,,
723,,,,,,,,,,,,,,,
724,,,,,,,,,,,,,,,
725,160.44000,160.44000,OFF,OFF,High,Wide,QT,OFF,ON,OFF,OFF,OFF,OFF,6,BNSF22
726,160.48500,160.48500,OFF,OFF,High,Wide,QT,OFF,ON,OFF,OFF,OFF,OFF,6,BNSF25
727,160.56000,160.56000,OFF,OFF,High,Wide,QT,OFF,ON,OFF,OFF,OFF,OFF,6,BNSF30
728,160.93500,160.93500,OFF,OFF,High,Wide,QT,OFF,ON,OFF,OFF,OFF,OFF,6,BNSF55
729,161.19000,161.19000,OFF,OFF,High,Wide,QT,OFF,ON,OFF,OFF,OFF,OFF,6,BNSF72
730,161.07000,161.00000,OFF,OFF,High,Wide,QT,OFF,ON,OFF,OFF,OFF,OFF,6,BNSF64
731,160.72500,160.72500,OFF,OFF,High,Wide,QT,OFF,ON,OFF,OFF,OFF,OFF,6,BNSF41
732,154.54000,154.54000,OFF,OFF,High,Wide,QT,OFF,ON,OFF,OFF,OFF,OFF,6,BNSF A
733,160.87500,160.87500,OFF,OFF,High,Wide,QT,OFF,ON,OFF,OFF,OFF,OFF,6,BNSF 51
734,160.69500,160.69500,OFF,OFF,High,Wide,QT,OFF,ON,OFF,OFF,OFF,OFF,6,BNSF39
735,161.23500,161.23500,OFF,OFF,High,Wide,QT,OFF,ON,OFF,OFF,OFF,OFF,6,BNSF75
736,161.37000,161.37000,OFF,OFF,High,Wide,QT,OFF,ON,OFF,OFF,OFF,OFF,6,BNSF84
737,161.52000,161.52000,OFF,OFF,High,Wide,QT,OFF,ON,OFF,OFF,OFF,OFF,6,BNSF94
738,160.35000,160.35000,OFF,OFF,High,Wide,QT,OFF,ON,OFF,OFF,OFF,OFF,6,KCS16
739,160.26000,160.26000,OFF,OFF,High,Wide,QT,OFF,ON,OFF,OFF,OFF,OFF,6,KCS10
740,161.05500,161.05500,OFF,OFF,High,Wide,QT,OFF,ON,OFF,OFF,OFF,OFF,6,KCS52
741,160.86000,160.86000,OFF,OFF,High,Wide,QT,OFF,ON,OFF,OFF,OFF,OFF,6,KCS50
742,,,,,,,,,,,,,,,
743,,,,,,,,,,,,,,,
744,,,,,,,,,,,,,,,
745,151.82000,155.00000,OFF,OFF,High,Wide,QT,OFF,ON,OFF,OFF,OFF,OFF,1,MURS 1
746,151.88000,151.88000,OFF,OFF,High,Wide,QT,OFF,ON,OFF,OFF,OFF,OFF,1,MURS 2
747,151.94000,151.94000,OFF,OFF,High,Wide,QT,OFF,ON,OFF,OFF,OFF,OFF,1,Murs 3
748,154.57000,154.57000,OFF,OFF,High,Wide,QT,OFF,ON,OFF,OFF,OFF,OFF,1,Blue Dot
749,154.60000,154.60000,OFF,OFF,High,Wide,QT,OFF,ON,OFF,OFF,OFF,OFF,1,Green Dot
750,151.62500,151.62500,OFF,OFF,High,Wide,QT,OFF,ON,OFF,OFF,OFF,OFF,1,Red Dot
751,151.95500,151.95500,OFF,OFF,High,Wide,QT,OFF,ON,OFF,OFF,OFF,OFF,1,Purple Dor
752,462.57500,462.57500,OFF,OFF,High,Wide,QT,OFF,ON,OFF,OFF,OFF,OFF,1,White Dot
753,462.62500,462.62500,OFF,OFF,High,Wide,QT,OFF,ON,OFF,OFF,OFF,OFF,1,Black Dot
754,462.67500,462.67500,OFF,OFF,High,Wide,QT,OFF,ON,OFF,OFF,OFF,OFF,1,Orange DOR
755,464.50000,464.50000,OFF,OFF,High,Wide,QT,OFF,ON,OFF,OFF,OFF,OFF,1,Brown Dor
756,464.55000,464.55000,OFF,OFF,High,Wide,QT,OFF,ON,OFF,OFF,OFF,OFF,1,Yellow Dor
757,467.76250,467.76250,OFF,OFF,High,Wide,QT,OFF,ON,OFF,OFF,OFF,OFF,1,J Dot
758,467.81250,467.81250,OFF,OFF,High,Wide,QT,OFF,ON,OFF,OFF,OFF,OFF,1,K Dot
759,467.85000,467.85000,OFF,OFF,High,Wide,QT,OFF,ON,OFF,OFF,OFF,OFF,1,SIlver Star
760,467.87500,463.00000,OFF,OFF,High,Wide,QT,OFF,ON,OFF,OFF,OFF,OFF,1,Gold Star
761,467.90000,467.90000,OFF,OFF,High,Wide,QT,OFF,ON,OFF,OFF,OFF,OFF,1,Red Star
762,467.92500,467.92500,OFF,OFF,High,Wide,QT,OFF,ON,OFF,OFF,OFF,OFF,1,Blue Star
763,,,,,,,,,,,,,,,
764,,,,,,,,,,,,,,,
765,,,,,,,,,,,,,,,
766,,,,,,,,,,,,,,,
767,,,,,,,,,,,,,,,
768,,,,,,,,,,,,,,,
769,,,,,,,,,,,,,,,
770,,,,,,,,,,,,,,,
771,,,,,,,,,,,,,,,
772,,,,,,,,,,,,,,,
773,,,,,,,,,,,,,,,
774,,,,,,,,,,,,,,,
775,156.05000,156.05000,OFF,OFF,High,Wide,QT,OFF,ON,OFF,OFF,OFF,OFF,7,SEA 01
776,156.25000,156.25000,OFF,OFF,High,Wide,QT,OFF,ON,OFF,OFF,OFF,OFF,7,SEA 05
777,156.30000,156.30000,OFF,OFF,High,Wide,QT,OFF,ON,OFF,OFF,OFF,OFF,7,SEA 06
778,156.35000,156.35000,OFF,OFF,High,Wide,QT,OFF,ON,OFF,OFF,OFF,OFF,7,SEA 07
779,156.40000,156.40000,OFF,OFF,High,Wide,QT,OFF,ON,OFF,OFF,OFF,OFF,7,SEA 08
780,156.45000,156.45000,OFF,OFF,High,Wide,QT,OFF,ON,OFF,OFF,OFF,OFF,7,SEA 09
781,156.50000,156.50000,OFF,OFF,High,Wide,QT,OFF,ON,OFF,OFF,OFF,OFF,7,SEA 10
782,156.55000,156.55000,OFF,OFF,High,Wide,QT,OFF,ON,OFF,OFF,OFF,OFF,7,SEA 11
783,156.60000,156.60000,OFF,OFF,High,Wide,QT,OFF,ON,OFF,OFF,OFF,OFF,7,SEA 12
784,156.65000,156.65000,OFF,OFF,High,Wide,QT,OFF,ON,OFF,OFF,OFF,OFF,7,SEA 13
785,156.65000,156.65000,OFF,OFF,High,Wide,QT,OFF,ON,OFF,OFF,OFF,OFF,7,SEA 13
786,156.70000,156.70000,OFF,OFF,High,Wide,QT,OFF,ON,OFF,OFF,OFF,OFF,7,SEA 14
787,156.75000,156.75000,OFF,OFF,High,Wide,QT,OFF,ON,OFF,OFF,OFF,OFF,7,SEA 15
788,156.80000,156.90000,OFF,OFF,High,Wide,QT,OFF,ON,OFF,OFF,OFF,OFF,7,SEA 16
789,156.80000,156.80000,OFF,OFF,High,Wide,QT,OFF,ON,OFF,OFF,OFF,OFF,7,SEA 16
790,156.85000,156.85000,OFF,OFF,High,Wide,QT,OFF,ON,OFF,OFF,OFF,OFF,7,SEA 17
791,156.90000,156.90000,OFF,OFF,High,Wide,QT,OFF,ON,OFF,OFF,OFF,OFF,7,SEA 18
792,156.95000,156.95000,OFF,OFF,High,Wide,QT,OFF,ON,OFF,OFF,OFF,OFF,7,SEA 19
793,157.00000,157.00000,OFF,OFF,High,Wide,QT,OFF,ON,OFF,OFF,OFF,OFF,7,SEA 20
794,157.05000,157.05000,OFF,OFF,High,Wide,QT,OFF,ON,OFF,OFF,OFF,OFF,7,SEA 21
795,157.10000,157.10000,OFF,OFF,High,Wide,QT,OFF,ON,OFF,OFF,OFF,OFF,7,SEA 22A
796,157.15000,157.15000,OFF,OFF,High,Wide,QT,OFF,ON,OFF,OFF,OFF,OFF,7,SEA 23
797,157.20000,157.20000,OFF,OFF,High,Wide,QT,OFF,ON,OFF,OFF,OFF,OFF,7,SEA 24
798,157.25000,157.25000,OFF,OFF,High,Wide,QT,OFF,ON,OFF,OFF,OFF,OFF,7,SEA 25
799,157.30000,157.30000,OFF,OFF,High,Wide,QT,OFF,ON,OFF,OFF,OFF,OFF,7,SEA 26
800,157.35000,157.35000,OFF,OFF,High,Wide,QT,OFF,ON,OFF,OFF,OFF,OFF,7,SEA 27
801,157.40000,157.40000,OFF,OFF,High,Wide,QT,OFF,ON,OFF,OFF,OFF,OFF,7,SEA 28
802,156.17500,156.17500,OFF,OFF,High,Wide,QT,OFF,ON,OFF,OFF,OFF,OFF,7,SEA 63
803,156.27500,156.27500,OFF,OFF,High,Wide,QT,OFF,ON,OFF,OFF,OFF,OFF,7,SEA 65
804,156.32500,156.32500,OFF,OFF,High,Wide,QT,OFF,ON,OFF,OFF,OFF,OFF,7,SEA 66
805,156.37500,156.37500,OFF,OFF,High,Wide,QT,OFF,ON,OFF,OFF,OFF,OFF,7,SEA 67
806,156.42500,156.42500,OFF,OFF,High,Wide,QT,OFF,ON,OFF,OFF,OFF,OFF,7,SEA 68
807,156.47500,156.47500,OFF,OFF,High,Wide,QT,OFF,ON,OFF,OFF,OFF,OFF,7,SEA 69
808,156.52500,156.52500,OFF,OFF,High,Wide,QT,OFF,ON,OFF,OFF,OFF,OFF,7,SEA 70
809,156.57500,156.57500,OFF,OFF,High,Wide,QT,OFF,ON,OFF,OFF,OFF,OFF,7,SEA 71
810,156.62500,156.62500,OFF,OFF,High,Wide,QT,OFF,ON,OFF,OFF,OFF,OFF,7,SEA 72
811,156.67500,156.67500,OFF,OFF,High,Wide,QT,OFF,ON,OFF,OFF,OFF,OFF,7,SEA 73
812,156.72500,156.72500,OFF,OFF,High,Wide,QT,OFF,ON,OFF,OFF,OFF,OFF,7,SEA 74
813,156.87500,156.87500,OFF,OFF,High,Wide,QT,OFF,ON,OFF,OFF,OFF,OFF,7,SEA 77
814,156.92500,156.92500,OFF,OFF,High,Wide,QT,OFF,ON,OFF,OFF,OFF,OFF,7,SEA 78
815,156.97500,156.97500,OFF,OFF,High,Wide,QT,OFF,ON,OFF,OFF,OFF,OFF,7,SEA 79
816,157.02500,157.02500,OFF,OFF,High,Wide,QT,OFF,ON,OFF,OFF,OFF,OFF,7,SEA 80
817,157.07500,157.07500,OFF,OFF,High,Wide,QT,OFF,ON,OFF,OFF,OFF,OFF,7,SEA 81
818,157.12500,157.12500,OFF,OFF,High,Wide,QT,OFF,ON,OFF,OFF,OFF,OFF,7,SEA 82
819,157.17500,157.17500,OFF,OFF,High,Wide,QT,OFF,ON,OFF,OFF,OFF,OFF,7,SEA 83
820,157.22500,157.22500,OFF,OFF,High,Wide,QT,OFF,ON,OFF,OFF,OFF,OFF,7,SEA 84
821,157.27500,157.27500,OFF,OFF,High,Wide,QT,OFF,ON,OFF,OFF,OFF,OFF,7,SEA 85
822,157.32500,157.32500,OFF,OFF,High,Wide,QT,OFF,ON,OFF,OFF,OFF,OFF,7,SEA 86
823,157.37500,157.37500,OFF,OFF,High,Wide,QT,OFF,ON,OFF,OFF,OFF,OFF,7,SEA 87
824,157.42500,157.42500,OFF,OFF,High,Wide,QT,OFF,ON,OFF,OFF,OFF,OFF,7,SEA 88
825,,,,,,,,,,,,,,,
826,,,,,,,,,,,,,,,
827,,,,,,,,,,,,,,,
828,,,,,,,,,,,,,,,
829,,,,,,,,,,,,,,,
830,,,,,,,,,,,,,,,
831,,,,,,,,,,,,,,,
832,,,,,,,,,,,,,,,
833,,,,,,,,,,,,,,,
834,,,,,,,,,,,,,,,
835,463.00000,463.00000,OFF,OFF,High,Wide,QT,OFF,ON,OFF,OFF,OFF,OFF,7,Med-1
836,463.02500,463.02500,OFF,OFF,High,Wide,QT,OFF,ON,OFF,OFF,OFF,OFF,7,Med-2
837,463.05000,463.05000,OFF,OFF,High,Wide,QT,OFF,ON,OFF,OFF,OFF,OFF,7,Med-3
838,463.07500,463.07500,OFF,OFF,High,Wide,QT,OFF,ON,OFF,OFF,OFF,OFF,7,Med-4
839,463.10000,463.10000,OFF,OFF,High,Wide,QT,OFF,ON,OFF,OFF,OFF,OFF,7,Med-5
840,463.12500,463.12500,OFF,OFF,High,Wide,QT,OFF,ON,OFF,OFF,OFF,OFF,7,Med-6
841,463.15000,463.15000,OFF,OFF,High,Wide,QT,OFF,ON,OFF,OFF,OFF,OFF,7,Med-7
842,463.17500,463.17500,OFF,OFF,High,Wide,QT,OFF,ON,OFF,OFF,OFF,OFF,7,Med-8
843,453.21250,453.21250,OFF,OFF,High,Wide,QT,OFF,ON,OFF,OFF,OFF,OFF,7,UCALL40/40
844,453.46250,453.46250,OFF,OFF,High,Wide,QT,OFF,ON,OFF,OFF,OFF,OFF,7,UCALL41/41
845,453.71250,453.71250,OFF,OFF,High,Wide,QT,OFF,ON,OFF,OFF,OFF,OFF,7,UCALL42/42
846,453.86250,453.86250,OFF,OFF,High,Wide,QT,OFF,ON,OFF,OFF,OFF,OFF,7,UCALL43/43
847,155.75250,155.75250,OFF,OFF,High,Wide,QT,OFF,ON,OFF,OFF,OFF,OFF,7,VCALL10
848,154.28000,154.28000,OFF,OFF,High,Wide,QT,OFF,ON,OFF,OFF,OFF,OFF,7,VFIRE21
849,154.26500,154.26500,OFF,OFF,High,Wide,QT,OFF,ON,OFF,OFF,OFF,OFF,7,VFIRE22
850,154.29500,154.29500,OFF,OFF,High,Wide,QT,OFF,ON,OFF,OFF,OFF,OFF,7,VFIRE23
851,154.27250,154.27250,OFF,OFF,High,Wide,QT,OFF,ON,OFF,OFF,OFF,OFF,7,VFIRE24
852,154.28750,154.28750,OFF,OFF,High,Wide,QT,OFF,ON,OFF,OFF,OFF,OFF,7,VFIRE25
853,154.30250,154.30250,OFF,OFF,High,Wide,QT,OFF,ON,OFF,OFF,OFF,OFF,7,VFIRE26
854,155.47500,155.47500,OFF,OFF,High,Wide,QT,OFF,ON,OFF,OFF,OFF,OFF,7,VLAW31
855,155.48250,155.48250,OFF,OFF,High,Wide,QT,OFF,ON,OFF,OFF,OFF,OFF,7,VLAW32
856,155.34000,155.34000,OFF,OFF,High,Wide,QT,OFF,ON,OFF,OFF,OFF,OFF,7,VMED28
857,155.34750,155.34750,OFF,OFF,High,Wide,QT,OFF,ON,OFF,OFF,OFF,OFF,7,VMED29
858,155.16000,155.16000,OFF,OFF,High,Wide,QT,OFF,ON,OFF,OFF,OFF,OFF,7,VSAR16
859,151.13750,151.13750,OFF,OFF,High,Wide,QT,OFF,ON,OFF,OFF,OFF,OFF,7,VTAC11/36
860,154.45250,154.45250,OFF,OFF,High,Wide,QT,OFF,ON,OFF,OFF,OFF,OFF,7,VTAC12/37
861,158.73750,158.73750,OFF,OFF,High,Wide,QT,OFF,ON,OFF,OFF,OFF,OFF,7,VTAC13/38
862,159.47250,159.47250,OFF,OFF,High,Wide,QT,OFF,ON,OFF,OFF,OFF,OFF,7,VTAC14/33
863,161.85000,161.85000,OFF,OFF,High,Wide,QT,OFF,ON,OFF,OFF,OFF,OFF,7,VTAC17/17D
864,158.73750,158.73750,OFF,OFF,High,Wide,QT,OFF,ON,OFF,OFF,OFF,OFF,7,VTAC34
865,159.47250,159.47250,OFF,OFF,High,Wide,QT,OFF,ON,OFF,OFF,OFF,OFF,7,VTAC35
866,,,,,,,,,,,,,,,
867,,,,,,,,,,,,,,,
868,,,,,,,,,,,,,,,
869,,,,,,,,,,,,,,,
870,,,,,,,,,,,,,,,
871,,,,,,,,,,,,,,,
872,,,,,,,,,,,,,,,
873,,,,,,,,,,,,,,,
874,,,,,,,,,,,,,,,
875,451.78750,451.78750,OFF,OFF,High,Wide,QT,OFF,ON,OFF,OFF,OFF,OFF,5,Dart M Line
876,450.65000,450.65000,OFF,OFF,High,Wide,QT,OFF,ON,OFF,OFF,OFF,OFF,5,KRLD News
877,166.25000,166.25000,OFF,OFF,High,Wide,QT,OFF,ON,OFF,OFF,OFF,OFF,5,Fox 4 Sky
878,161.76000,161.76000,OFF,OFF,High,Wide,QT,OFF,ON,OFF,OFF,OFF,OFF,5,CBS 11 V 
879,450.51250,450.51250,OFF,OFF,High,Wide,QT,OFF,ON,OFF,OFF,OFF,OFF,5,CBS 11 U
880,450.11250,450.11250,OFF,OFF,High,Wide,QT,OFF,ON,OFF,OFF,OFF,OFF,5,NBC 5 1
881,450.21250,450.21250,OFF,OFF,High,Wide,QT,OFF,ON,OFF,OFF,OFF,OFF,5,NBC 5 2
882,450.18750,450.18750,OFF,OFF,High,Wide,QT,OFF,ON,OFF,OFF,OFF,OFF,5,NBC 5 3
883,161.70000,161.70000,OFF,OFF,High,Wide,QT,OFF,ON,OFF,OFF,OFF,OFF,5,ABC 8 ENG
884,450.08750,450.08750,OFF,OFF,High,Wide,QT,OFF,ON,OFF,OFF,OFF,OFF,5,ABC 8 News
885,450.13750,450.13750,OFF,OFF,High,Wide,QT,OFF,ON,OFF,OFF,OFF,OFF,5,DAL-TR Rep 1
886,450.58750,450.58750,OFF,OFF,High,Wide,QT,OFF,ON,OFF,OFF,OFF,OFF,5,DAL-TR Rep 2
887,,,,,,,,,,,,,,,
888,,,,,,,,,,,,,,,
889,,,,,,,,,,,,,,,
890,,,,,,,,,,,,,,,
891,,,,,,,,,,,,,,,
892,,,,,,,,,,,,,,,
893,,,,,,,,,,,,,,,
894,,,,,,,,,,,,,,,
895,,,,,,,,,,,,,,,
896,,,,,,,,,,,,,,,
897,,,,,,,,,,,,,,,
898,,,,,,,,,,,,,,,
899,,,,,,,,,,,,,,,
900,,,,,,,,,,,,,,,
901,,,,,,,,,,,,,,,
902,,,,,,,,,,,,,,,
903,,,,,,,,,,,,,,,
904,,,,,,,,,,,,,,,
905,,,,,,,,,,,,,,,
906,,,,,,,,,,,,,,,
907,,,,,,,,,,,,,,,
908,,,,,,,,,,,,,,,
909,,,,,,,,,,,,,,,
910,,,,,,,,,,,,,,,
911,,,,,,,,,,,,,,,
912,,,,,,,,,,,,,,,
913,,,,,,,,,,,,,,,
914,,,,,,,,,,,,,,,
915,,,,,,,,,,,,,,,
916,,,,,,,,,,,,,,,
917,,,,,,,,,,,,,,,
918,,,,,,,,,,,,,,,
919,,,,,,,,,,,,,,,
920,,,,,,,,,,,,,,,
921,,,,,,,,,,,,,,,
922,,,,,,,,,,,,,,,
923,,,,,,,,,,,,,,,
924,,,,,,,,,,,,,,,
925,462.56250,462.56250,OFF,OFF,High,Narrow,QT,OFF,ON,OFF,OFF,OFF,OFF,5,GMRS-1
926,462.58750,462.58750,OFF,OFF,High,Narrow,QT,OFF,ON,OFF,OFF,OFF,OFF,5,GMRS-2
927,462.61250,462.61250,OFF,OFF,High,Narrow,QT,OFF,ON,OFF,OFF,OFF,OFF,5,GMRS-3
928,462.63750,462.63750,OFF,OFF,High,Narrow,QT,OFF,ON,OFF,OFF,OFF,OFF,5,GMRS-4
929,462.66250,462.66250,OFF,OFF,High,Narrow,QT,OFF,ON,OFF,OFF,OFF,OFF,5,GMRS-5
930,462.68750,462.68750,OFF,OFF,High,Narrow,QT,OFF,ON,OFF,OFF,OFF,OFF,5,GMRS-6
931,462.71250,462.71250,OFF,74.4,High,Narrow,QT,OFF,ON,OFF,OFF,OFF,OFF,5,GMRS-7
932,467.56250,467.56250,OFF,OFF,Low,Narrow,QT,OFF,ON,OFF,OFF,OFF,OFF,5,GMRS-8
933,467.58750,467.58750,OFF,OFF,Low,Narrow,QT,OFF,ON,OFF,OFF,OFF,OFF,5,GMRS-9
934,467.61250,467.61250,OFF,OFF,Low,Narrow,QT,OFF,ON,OFF,OFF,OFF,OFF,5,GMRS-10
935,467.63750,467.63750,OFF,OFF,Low,Narrow,QT,OFF,ON,OFF,OFF,OFF,OFF,5,GMRS-11
936,467.66250,467.66250,OFF,OFF,Low,Narrow,QT,OFF,ON,OFF,OFF,OFF,OFF,5,GMRS-12
937,467.68500,467.68500,OFF,OFF,Low,Narrow,QT,OFF,ON,OFF,OFF,OFF,OFF,5,GMRS-13
938,467.68500,467.68500,OFF,OFF,Low,Narrow,QT,OFF,ON,OFF,OFF,OFF,OFF,5,GMRS-14
939,462.55000,467.55000,OFF,OFF,Low,Narrow,QT,OFF,ON,OFF,OFF,OFF,OFF,5,GMRS-15
940,462.57500,467.57500,OFF,141.3,High,Narrow,QT,OFF,ON,OFF,OFF,OFF,OFF,5,GMRS-16/R
941,462.60000,467.60000,OFF,141.3,High,Narrow,QT,OFF,ON,OFF,OFF,OFF,OFF,5,GMRS-17/R
942,462.62500,467.62500,OFF,141.3,High,Narrow,QT,OFF,ON,OFF,OFF,OFF,OFF,5,GMRS-18/R
943,462.65000,467.65000,OFF,141.3,High,Narrow,QT,OFF,ON,OFF,OFF,OFF,OFF,5,GMRS-19/R
944,462.67500,467.67500,OFF,141.3,High,Narrow,QT,OFF,ON,OFF,OFF,OFF,OFF,5,GMRS-20/R
945,462.70000,467.70000,OFF,141.3,High,Narrow,QT,OFF,ON,OFF,OFF,OFF,OFF,5,GMRS-21/R
946,462.72500,467.72500,OFF,141.3,High,Narrow,QT,OFF,ON,OFF,OFF,OFF,OFF,5,GMRS-22/R
947,,,,,,,,,,,,,,,
948,,,,,,,,,,,,,,,
949,,,,,,,,,,,,,,,
950,,,,,,,,,,,,,,,
951,,,,,,,,,,,,,,,
952,,,,,,,,,,,,,,,
953,,,,,,,,,,,,,,,
954,,,,,,,,,,,,,,,
955,,,,,,,,,,,,,,,
956,,,,,,,,,,,,,,,
957,,,,,,,,,,,,,,,
958,,,,,,,,,,,,,,,
959,,,,,,,,,,,,,,,
960,,,,,,,,,,,,,,,
961,,,,,,,,,,,,,,,
962,,,,,,,,,,,,,,,
963,,,,,,,,,,,,,,,
964,,,,,,,,,,,,,,,
965,,,,,,,,,,,,,,,
966,,,,,,,,,,,,,,,
967,,,,,,,,,,,,,,,
968,,,,,,,,,,,,,,,
969,,,,,,,,,,,,,,,
970,,,,,,,,,,,,,,,
971,,,,,,,,,,,,,,,
972,,,,,,,,,,,,,,,
973,,,,,,,,,,,,,,,
974,,,,,,,,,,,,,,,
975,,,,,,,,,,,,,,,
976,,,,,,,,,,,,,,,
977,,,,,,,,,,,,,,,
978,,,,,,,,,,,,,,,
979,,,,,,,,,,,,,,,
980,,,,,,,,,,,,,,,
981,,,,,,,,,,,,,,,
982,,,,,,,,,,,,,,,
983,,,,,,,,,,,,,,,
984,,,,,,,,,,,,,,,
985,,,,,,,,,,,,,,,
986,,,,,,,,,,,,,,,
987,,,,,,,,,,,,,,,
988,,,,,,,,,,,,,,,
989,,,,,,,,,,,,,,,
990,,,,,,,,,,,,,,,
991,,,,,,,,,,,,,,,
992,,,,,,,,,,,,,,,
993,,,,,,,,,,,,,,,
994,,,,,,,,,,,,,,,
995,,,,,,,,,,,,,,,
996,,,,,,,,,,,,,,,
997,,,,,,,,,,,,,,,
998,,,,,,,,,,,,,,,
999,,,,,,,,,,,,,,,
